{"Message":"Number of Post office(s) found: 21","Status":"Success","PostOffice":[{"Name":"Baroda House","Description":"","BranchType":"Sub Post Office","DeliveryStatus":"Non-Delivery","Taluk":"New Delhi","Circle":"New Delhi","District":"Central Delhi","Division":"New Delhi Central","Region":"Delhi","State":"Delhi","Country":"India"},{"Name":"Bengali Market","Description":"","BranchType":"Sub Post Office","DeliveryStatus":"Non-Delivery","Taluk":"New Delhi","Circle":"New Delhi","District":"Central Delhi","Division":"New Delhi Central","Region":"Delhi","State":"Delhi","Country":"India"},{"Name":"Bhagat Singh Market","Description":"","BranchType":"Sub Post Office","DeliveryStatus":"Non-Delivery","Taluk":"New Delhi","Circle":"New Delhi","District":"Central Delhi","Division":"New Delhi Central","Region":"Delhi","State":"Delhi","Country":"India"},{"Name":"Connaught Place","Description":"","BranchType":"Sub Post Office","DeliveryStatus":"Non-Delivery","Taluk":"New Delhi","Circle":"New Delhi","District":"Central Delhi","Division":"New Delhi Central","Region":"Delhi","State":"Delhi","Country":"India"},{"Name":"Constitution House","Description":"","BranchType":"Sub Post Office","DeliveryStatus":"Non-Delivery","Taluk":"New Delhi","Circle":"New Delhi","District":"Central Delhi","Division":"New Delhi Central","Region":"Delhi","State":"Delhi","Country":"India"},{"Name":"Election Commission","Description":"","BranchType":"Sub Post Office","DeliveryStatus":"Non-Delivery","Taluk":"New Delhi","Circle":"New Delhi","District":"Central Delhi","Division":"New Delhi Central","Region":"Delhi","State":"Delhi","Country":"India"},{"Name":"Janpath","Description":"","BranchType":"Sub Post Office","DeliveryStatus":"Non-Delivery","Taluk":"New Delhi","Circle":"New Delhi","District":"Central Delhi","Division":"New Delhi Central","Region":"Delhi","State":"Delhi","Country":"India"},{"Name":"Krishi Bhawan","Description":"","BranchType":"Sub Post Office","DeliveryStatus":"Non-Delivery","Taluk":"New Delhi","Circle":"New Delhi","District":"Central Delhi","Division":"New Delhi Central","Region":"Delhi","State":"Delhi","Country":"India"},{"Name":"Lady Harding Medical College","Description":"","BranchType":"Sub Post Office","DeliveryStatus":"Non-Delivery","Taluk":"New Delhi","Circle":"New Delhi","District":"Central Delhi","Division":"New Delhi Central","Region":"Delhi","State":"Delhi","Country":"India"},{"Name":"New Delhi ","Description":"","BranchType":"Head Post Office","DeliveryStatus":"Delivery","Taluk":"New Delhi","Circle":"New Delhi","District":"New Delhi","Division":"New Delhi GPO","Region":"Delhi","State":"Delhi","Country":"India"},{"Name":"North Avenue","Description":"","BranchType":"Sub Post Office","DeliveryStatus":"Non-Delivery","Taluk":"New Delhi","Circle":"New Delhi","District":"Central Delhi","Division":"New Delhi Central","Region":"Delhi","State":"Delhi","Country":"India"},{"Name":"Parliament House","Description":"","BranchType":"Sub Post Office","DeliveryStatus":"Non-Delivery","Taluk":"New Delhi","Circle":"New Delhi","District":"Central Delhi","Division":"New Delhi Central","Region":"Delhi","State":"Delhi","Country":"India"},{"Name":"Patiala House","Description":"","BranchType":"Sub Post Office","DeliveryStatus":"Non-Delivery","Taluk":"New Delhi","Circle":"New Delhi","District":"Central Delhi","Division":"New Delhi Central","Region":"Delhi","State":"Delhi","Country":"India"},{"Name":"Pragati Maidan","Description":"","BranchType":"Sub Post Office","DeliveryStatus":"Non-Delivery","Taluk":"New Delhi","Circle":"New Delhi","District":"Central Delhi","Division":"New Delhi Central","Region":"Delhi","State":"Delhi","Country":"India"},{"Name":"Pragati Maidan Camp","Description":"","BranchType":"Sub Post Office","DeliveryStatus":"Non-Delivery","Taluk":"New Delhi","Circle":"New Delhi","District":"Central Delhi","Division":"New Delhi Central","Region":"Delhi","State":"Delhi","Country":"India"},{"Name":"Rail Bhawan","Description":"","BranchType":"Sub Post Office","DeliveryStatus":"Non-Delivery","Taluk":"New Delhi","Circle":"New Delhi","District":"Central Delhi","Division":"New Delhi Central","Region":"Delhi","State":"Delhi","Country":"India"},{"Name":"Sansad Marg","Description":"","BranchType":"Head Post Office","DeliveryStatus":"Non-Delivery","Taluk":"New Delhi","Circle":"New Delhi","District":"Central Delhi","Division":"New Delhi Central","Region":"Delhi","State":"Delhi","Country":"India"},{"Name":"Sansadiya Soudh","Description":"","BranchType":"Sub Post Office","DeliveryStatus":"Non-Delivery","Taluk":"New Delhi","Circle":"New Delhi","District":"Central Delhi","Division":"New Delhi Central","Region":"Delhi","State":"Delhi","Country":"India"},{"Name":"Secretariat North","Description":"","BranchType":"Sub Post Office","DeliveryStatus":"Non-Delivery","Taluk":"New Delhi","Circle":"New Delhi","District":"Central Delhi","Division":"New Delhi Central","Region":"Delhi","State":"Delhi","Country":"India"},{"Name":"Shastri Bhawan","Description":"","BranchType":"Sub Post Office","DeliveryStatus":"Non-Delivery","Taluk":"New Delhi","Circle":"New Delhi","District":"Central Delhi","Division":"New Delhi Central","Region":"Delhi","State":"Delhi","Country":"India"},{"Name":"Supreme Court","Description":"","BranchType":"Sub Post Office","DeliveryStatus":"Non-Delivery","Taluk":"New Delhi","Circle":"New Delhi","District":"Central Delhi","Division":"New Delhi Central","Region":"Delhi","State":"Delhi","Country":"India"}]}